-- Dumping data for table sop_catalog.departments: ~8 rows (approximately)
INSERT INTO `departments` (`id`, `dep_name`) VALUES
	(1, 'Accounting'),
	(2, 'Compliance and Regulatory'),
	(3, 'General Management'),
	(4, 'Maintenance'),
	(5, 'Production'),
	(6, 'QA / QC'),
	(7, 'Sanitation'),
	(8, 'Sterile');


INSERT INTO `employee` (`id`, `name`, `date_of_hire`, `active`, `trainer`, `position_id`, `department_id`, `site_id`) VALUES
	(1, 'Morli Patel', '2015-04-09', 'Yes', 'Yes', '19', '6', '1'),
	(2, 'Erin Friesen', '2009-07-28', 'Yes', 'Yes', '2', '2', '1'),
	(3, 'Serghei Ungurean', '2013-01-16', 'Yes', 'No', '9', '4', '1'),
	(4, 'Ambre Barbeta', '2022-03-30', 'Yes', 'No', '16', '6', '1'),
	(5, 'Nikolay Kabanov', '2009-08-21', 'Yes', 'No', '8', '4', '1'),
	(6, 'Abdullah Hussain', '2022-01-24', 'Yes', 'No', '13', '5', '1'),
	(7, 'Albert Oppong', '2024-03-25', 'No', 'No', '13', '5', '1'),
	(8, 'Aldrin Panlaqui', '2019-04-01', 'Yes', 'No', '13', '5', '1'),
	(9, 'Allen Aliado', '2019-04-01', 'Yes', 'No', '13', '5', '1'),
	(10, 'Brady Galvin', '2023-06-05', 'Yes', 'No', '17', '6', '1'),
	(11, 'Bryan Nilsson', '2022-05-16', 'Yes', 'No', '17', '6', '1'),
	(12, 'Christina Kruger', '2009-10-22', 'Yes', 'No', '6', '3', '1'),
	(13, 'Concepcion Abiola', '2018-10-25', 'Yes', 'No', '17', '6', '1'),
	(14, 'Danylo Kuprikov', '2023-04-03', 'Yes', 'No', '13', '5', '1'),
	(15, 'David Railean', '2024-03-11', 'Yes', 'No', '13', '5', '1'),
	(16, 'Dennis Pariag', '2024-03-11', 'Yes', 'No', '7', '3', '1'),
	(17, 'Dominador Mercado', '2017-05-09', 'Yes', 'No', '13', '5', '1'),
	(18, 'Elijah Kim', '2013-06-19', 'Yes', 'No', '16', '6', '1'),
	(19, 'Ella Leung', '2009-09-21', 'Yes', 'No', '13', '5', '1'),
	(20, 'Hadeer Rashad', '2022-11-15', 'Yes', 'No', '17', '6', '1'),
	(21, 'Hana Chamberlain', '2024-05-06', 'Yes', 'No', '4', '3', '1'),
	(22, 'Harin Bhatt', '2023-04-03', 'Yes', 'No', '13', '5', '1'),
	(23, 'Hermane Leonor', '2012-09-04', 'Yes', 'No', '13', '5', '1'),
	(24, 'Hoda Al-zerqani', '2022-08-29', 'Yes', 'No', '16', '6', '1'),
	(25, 'Jaynesh Narayan', '2010-05-31', 'Yes', 'No', '12', '5', '1'),
	(26, 'Jezreel Josol', '2015-09-23', 'Yes', 'No', '1', '1', '1'),
	(27, 'John Silva', '2017-06-20', 'Yes', 'No', '11', '5', '1'),
	(28, 'Joshma Patel', '2019-10-22', 'Yes', 'Yes', '18', '6', '1'),
	(29, 'Juliana Caminha', '2023-03-30', 'Yes', 'No', '1', '1', '1'),
	(30, 'Karen Ann Pacol', '2023-03-30', 'Yes', 'No', '1', '1', '1'),
	(31, 'Katherine Medina', '2023-04-05', 'Yes', 'No', '1', '1', '1'),
	(32, 'Michael Tulan', '2014-04-21', 'Yes', 'No', '1', '1', '1'),
	(33, 'Mitchell Epp', '2021-05-11', 'Yes', 'No', '16', '6', '1'),
	(34, 'Nathaniel Juan', '2010-09-20', 'Yes', 'No', '11', '5', '1'),
	(35, 'Giuseppe Cachola', '2024-03-25', 'Yes', 'No', '13', '5', '1'),
	(36, 'Norman Wright', '2012-07-11', 'Yes', 'No', '13', '5', '1'),
	(37, 'Ondrej Ricka', '2022-08-22', 'Yes', 'No', '13', '5', '1'),
	(38, 'Parul Sharma', '2022-07-18', 'Yes', 'No', '17', '6', '1'),
	(39, 'Patricia (Trish) Stevenson', '2018-03-05', 'Yes', 'No', '20', '7', '1'),
	(40, 'Pearl Gumban', '2020-07-06', 'Yes', 'No', '13', '5', '1'),
	(41, 'Peter Friesen', '2005-04-01', 'Yes', 'No', '10', '4', '1'),
	(42, 'Pryanka Brahmbhatt', '2007-06-18', 'Yes', 'Yes', '13', '5', '1'),
	(43, 'Rajendra Tulan', '2008-06-20', 'Yes', 'No', '4', '3', '1'),
	(44, 'Ramesh Singh', '2005-05-01', 'Yes', 'Yes', '6', '3', '1'),
	(45, 'Reynaldo Neri', '2006-03-01', 'Yes', 'Yes', '14', '5', '1'),
	(46, 'Rukhsana Ansari', '2007-08-01', 'Yes', 'Yes', '13', '5', '1'),
	(47, 'Sarah Meyer', '2023-01-08', 'Yes', 'No', '17', '6', '1'),
	(48, 'Serhi Kotiuzhynskyi', '2022-06-29', 'Yes', 'No', '13', '5', '1'),
	(49, 'Tanner Oswald', '2022-06-28', 'Yes', 'No', '13', '5', '1'),
	(50, 'Tetiana Shestakova', '2024-05-03', 'Yes', 'No', '4', '3', '1'),
	(51, 'Zeppelin Elago', '2006-05-03', 'Yes', 'No', '11', '5', '1'),
	(52, 'Passy Marhula', '2020-12-10', 'Yes', 'No', '12', '5', '1'),
	(53, 'Abiodun Salami', '2024-05-07', 'Yes', 'No', '13', '5', '2'),
	(54, 'Adewale Egbewole', '2024-05-07', 'Yes', 'No', '13', '5', '2'),
	(55, 'Amanpreet Kaur', '2023-09-12', 'Yes', 'Yes', '16', '6', '2'),
	(56, 'Andrew Lam', '2024-06-03', 'Yes', 'No', '19', '6', '2'),
	(57, 'Anghad (Dilip) Dass', '2018-07-06', 'Yes', 'Yes', '10', '4', '2'),
	(58, 'Dahlia Abbas', '2023-12-08', 'Yes', 'Yes', '16', '6', '2'),
	(59, 'Gabriel Harewood', '2022-03-28', 'Yes', 'Yes', '19', '6', '2'),
	(60, 'Jessica Angeles', '2022-05-30', 'Yes', 'Yes', '17', '6', '2'),
	(61, 'Kalie Tulan', '2022-05-30', 'Yes', 'Yes', '3', '2', '2'),
	(62, 'Karanbir Singh', '2023-01-17', 'Yes', 'No', '15', '5', '2'),
	(63, 'Marcela Toalombo', '2024-05-07', 'Yes', 'No', '13', '5', '2'),
	(64, 'Melanie Shimov', '2023-06-19', 'Yes', 'No', '16', '6', '2'),
	(65, 'Meriem Lounis', '2024-05-27', 'Yes', 'No', '5', '3', '2'),
	(66, 'Raina Rammal', '2023-11-27', 'Yes', 'No', '17', '6', '2'),
	(67, 'Raman Kumar Saini', '2019-03-19', 'Yes', 'Yes', '13', '5', '2'),
	(68, 'Rehab Ahmed', '2021-08-16', 'Yes', 'Yes', '17', '6', '2'),
	(69, 'Robeni Mohan', '2010-04-01', 'Yes', 'Yes', '7', '3', '2'),
	(70, 'Ruth Moraa', '2024-02-01', 'Yes', 'No', '13', '5', '2'),
	(71, 'Seyed Reza Ghaemi', '2024-04-15', 'Yes', 'No', '10', '4', '2'),
	(72, 'Sidney Tan', '2022-10-31', 'Yes', 'Yes', '17', '6', '2'),
	(73, 'Sodiq Balake', '2024-05-07', 'Yes', 'No', '13', '5', '2'),
	(74, 'Success Ohenhen', '2024-05-07', 'Yes', 'No', '13', '5', '2'),
	(75, 'Tommy Ali', '2010-03-08', 'Yes', 'Yes', '15', '5', '2'),
	(76, 'Valeria Chavarria', '2024-06-03', 'Yes', 'No', '20', '7', '2'),
	(77, 'Vishena Durga', '2015-04-09', 'Yes', 'Yes', '5', '3', 'Mississauga'),
	(78, 'Paul Tulan', '2005-02-10', 'Yes', 'Yes', '19', '6', '1'),
	(79, 'Ashley Carrera', '2024-06-24', 'Yes', 'No', '13', '5', '1'),
	(81, 'Anton Shkilev', '2024-02-05', 'Yes', 'No', '13', '5', '1');


INSERT INTO `position` (`id`, `position_name`, `department_id`) VALUES
	(1, 'Accounting Assistant', 1),
	(2, 'Director', 2),
	(3, 'Document Controller', 2),
	(4, 'Administration Assistance', 3),
	(5, 'Customer Service Representative', 3),
	(6, 'General Manager', 3),
	(7, 'Operations & Customer Service Manager', 3),
	(8, 'Maintenance, Facilities and Engineering', 4),
	(9, 'Maintenance, IT and Networking', 4),
	(10, 'Maintenance, Technician', 4),
	(11, 'Compounding Supervisor & Weighing Assistant', 5),
	(12, 'Inventory Supervisor', 5),
	(13, 'Production Assistant & Supervisors', 5),
	(14, 'Production Manager', 5),
	(15, 'Warehouse Supervisor & Assistant', 5),
	(16, 'QA Analyst', 6),
	(17, 'QC Analyst', 6),
	(18, 'QC Supervisor', 6),
	(19, 'QC/QA Director & Manager', 6),
	(20, 'Sanitation Assistant', 7),
	(21, 'Sterile', 1);

INSERT INTO `sites` (`id`, `site_name`, `site_number`) VALUES
	(1, 'Calgary', '1'),
	(2, 'Mississauga', '2');

INSERT INTO `sop` (`id`, `sop_number`, `sop_name`, `topic`, `effective_date`, `link`, `comment`, `active`) VALUES
	(1, 'CM3/POL001-02', 'CMS Quality Manual', 'Policy', '2023-08-01', '', '', 'Yes'),
	(2, 'CM3/POL002-02 ', 'CMS DATA GOVERNANCE POLICY ', 'Policy', '2023-08-01', '', '', 'Yes'),
	(3, 'CM3/QA/SOP000-02', 'Writing a Standard Operating Procedure', 'Quality Assurance', '2021-09-10', '', '', 'Yes'),
	(4, 'CM3/QA/SOP001-04', 'Testing, approval or rejection of finished product', 'Quality Assurance', '2023-07-10', '', '', 'Yes'),
	(5, 'CM3/QA/SOP002-05', 'Change Control', 'Quality Assurance', '2024-03-18', '', '', 'Yes'),
	(6, 'CM3/AD/SOP001-04', 'Vendor Qualification Program', 'Administration', '2022-07-30', '', '', 'Yes'),
	(7, 'CM3/AD/SOP002-01', 'Purchasing', 'Administration', '2022-06-20', '', '', 'Yes'),
	(8, 'CM3/AD/SOP003-01', 'Management Review Process', 'Administration', '2022-06-20', '', '', 'Yes'),
	(9, 'CM3/AD/SOP004-02', 'Returned Finished Goods', 'Administration', '2022-06-20', '', '', 'Yes'),
	(10, 'CM3/AD/SOP005-02', 'Qualifying Laboratory for Performing Finish Product and Raw Material Testing', 'Administration', '2023-02-28', '', '', 'Yes'),
	(11, 'CM3/AD/SOP006-01', 'Equipment Contractor Calibration and Maintenance of Scale', 'Administration', '2021-04-29', '', '', 'No'),
	(12, 'CM3/AD/SOP007-01', 'Amending GMP Documentation', 'Administration', '2024-02-07', '', '', 'Yes'),
	(13, 'CM3/HR/SOP002-02', 'Personnel - Job Requirements', 'Human Resources', '2022-04-15', '', '', 'Yes'),
	(14, 'CM3/HR/SOP003-02', 'Organizational Chart ', 'Human Resources', '2023-07-24', '', '', 'Yes'),
	(15, 'CM3/IT/SOP001-02', 'Data Back-Up and Restore', 'Information Technology', '2023-09-21', '', '', 'Yes'),
	(16, 'CM3/QA/SOP003-05', 'Importation and distribution of drugs from non-MRA Countries', 'Quality Assurance', '2023-05-25', '', '', 'Yes'),
	(17, 'CM3/QA/SOP004-02', 'Records', 'Quality Assurance', '2021-09-14', '', '', 'Yes'),
	(18, 'CM3/QA/SOP005-03', 'Good Documentation Practices', 'Quality Assurance', '2023-04-10', '', '', 'Yes'),
	(19, 'CM3/QA/SOP006-04', 'Annual Product Quality Review', 'Quality Assurance', '2023-07-03', '', '', 'Yes'),
	(20, 'CM3/QA/SOP007-02', 'Validation Master Plan', 'Quality Assurance', '2022-04-11', '', '', 'Yes'),
	(21, 'CM3/HR/SOP001-03', 'Personnel - Employee Training', 'Human Resources', '2024-05-30', '', '', 'Yes'),
	(22, 'CM3/AD/SOP006-02', 'Equipment Contractor Calibration and Maintenance of Scale', 'Administration', '2024-06-19', '', '', 'Yes'),
	(23, 'CM1/EN/SOP001-01', 'Equipment', 'Engineering', '2021-03-16', '', '', 'Yes'),
	(24, 'CM3/AD/SOP005-01', 'Qualifying Laboratory for Performing Finish Product, Raw Material and Packaging Material Testing', 'Administration', '2020-01-20', '', '', 'Yes'),
	(25, 'CM3/WH/SOP001-02', 'Received Material', 'Warehouse', '2023-07-19', '', '', 'Yes'),
	(26, 'CM3/QA/SOP00-02', 'Writing a Standard Operating Procedure', 'Quality Assurance', '2021-09-10', '', '', 'Yes'),
	(27, 'CM3/QA/SOP001-04', 'Testing, Approval or Rejection of Finished Product', 'Quality Assurance', '2023-07-03', '', '', 'Yes'),
	(28, 'CM3/QA/SOP008-02', 'Self-Inspection', 'Quality Assurance', '2023-07-31', '', '', 'Yes'),
	(29, 'CM3/QA/SOP009-01', 'Manufacturing Control', 'Quality Assurance', '2022-02-22', '', '', 'Yes'),
	(30, 'CM3/QA/SOP010-02', 'Handling of Out-of-Specification (OOS) Results', 'Quality Assurance', '2022-04-15', '', '', 'Yes'),
	(31, 'CM3/QA/SOP011-04', 'Deviation Reporting, Investigation, and Corrective and Preventive Action (CAPA)', 'Quality Assurance', '2024-03-22', '', '', 'Yes'),
	(32, 'CM3/QA/SOP013-03', 'Complaint Handling and Medical Devices', 'Quality Assurance', '2023-07-03', '', '', 'Yes'),
	(33, 'CM3/QA/SOP014-03', 'Quality Risk Management', 'Quality Assurance', '2024-05-24', '', '', 'Yes'),
	(34, 'CM3/QA/SOP015-01', 'Literature Search', 'Quality Assurance', '2022-02-21', '', '', 'Yes'),
	(35, 'CM3/QA/SOP016-01', 'Assigning Lot Number for Finished Product', 'Quality Assurance', '2023-07-24', '', '', 'Yes'),
	(36, 'CM3/QA/SOP017-02', 'Label Control', 'Quality Assurance', '2023-06-02', '', '', 'Yes'),
	(37, 'CM3/QA/SOP018-01', 'Laboratory Conformance Inspection', 'Quality Assurance', '2022-07-15', '', '', 'Yes'),
	(38, 'CM3/QA/SOP019-01', 'Medical Device Incident Reporting', 'Quality Assurance', '2023-01-03', '', '', 'Yes'),
	(39, 'CM3/QA/SOP20-01', 'Medical Device Labelling and Licencing Requirements ', 'Quality Assurance', '2023-01-03', '', '', 'Yes'),
	(40, 'CM3/QA/SOP021-021', 'BBraun Dialysis Machine Installation Procedure & After Sales Activities', 'Quality Assurance', '2023-01-03', '', '', 'Yes'),
	(41, 'CM3/QA/SOP022-02', 'Importation and Distribution of Drugs from MRA Countries', 'Quality Assurance', '2022-02-22', '', '', 'Yes'),
	(42, 'CM3/QA/SOP023-02', 'Document Management System Operation Procedure', 'Quality Assurance', '2022-02-11', '', '', 'Yes'),
	(43, 'CM3/QA/SOP024-01', 'Foreign Risk Notification for Medical Devices', 'Quality Assurance', '2023-05-15', '', '', 'Yes'),
	(44, 'CM3/QA/SOP027-03', 'Creation, Capture, Review and Retention of Data', 'Quality Assurance', '2023-06-30', '', '', 'Yes'),
	(45, 'CM3/QA/SOP029-02', 'Adverse Reaction Reporting', 'Quality Assurance', '2022-02-21', '', '', 'Yes'),
	(46, 'CM3/QA/SOP030-03', 'Product Recall', 'Quality Assurance', '2023-07-03', '', '', 'Yes'),
	(47, 'CM3/QA/SOP031-02', 'Rework, Reprocess, Recovery and Batch Adjustment', 'Quality Assurance', '2021-09-13', '', '', 'Yes'),
	(48, 'CM3/QA/SOP032-01', 'Mandatory Problem Reporting and Medical Devices', 'Quality Assurance', '2021-04-19', '', '', 'Yes'),
	(49, 'CM1/QA/SOP033-01', 'Quality Control', 'Quality Assurance', '2023-07-24', '', '', 'Yes'),
	(50, 'CM3/QA/SOP-34-01', 'Leachability and Extractability of Testing of Concentrate Containers', 'Quality Assurance', '2023-07-31', '', '', 'Yes'),
	(51, 'CM1/CL/SOP001-08', 'Finished Product Testing Acid Concentrate', 'Chemistry Laboratory', '2022-04-29', '', '', 'Yes'),
	(52, 'CM1/CL/SOP002-07', 'Finished Product Testing Citrasate and Hemosate Ultra Concentrate', 'Chemistry Laboratory', '2022-04-29', '', '', 'Yes'),
	(53, 'CM1/CL/SOP003-02', 'Finished Product Testing Sodium Bicarbonate Concentrate', 'Chemistry Laboratory', '2023-08-22', '', '', 'Yes'),
	(54, 'CM1/CL/SOP006-02', 'Finished Product Testing and Stability Testing for HemaPeroxy Liquid Disinfectant, USP', 'Chemistry Laboratory', '2023-10-19', '', '', 'Yes'),
	(55, 'CM1/CL/SOP007-01', 'Identification and Assay Test for Dextrose Monohydrate USP Raw Material', 'Chemistry Laboratory', '2023-06-28', '', '', 'Yes'),
	(56, 'CM1/CL/SOP008-01', 'Finished Product Testing of CACL 74', 'Chemistry Laboratory', '2023-10-05', '', '', 'Yes'),
	(57, 'CM3/HR/SOP004-01', 'Personnel - Employee On-Boarding', 'Human Resources', '2024-06-28', '', '', 'Yes'),
	(58, 'CM3/CL/SOP009-02', 'Stability Testing for Standards', 'Chemistry Laboratory', '2023-12-15', '', '', 'Yes'),
	(59, 'CM1/CL/SOP010-01', 'Finished Product Testing for HemaClense', 'Chemistry Laboratory', '2023-10-05', '', '', 'Yes'),
	(60, 'CM1/CL/SOP011-02', 'Preparation of 0.1N Silver Nitrate Volumetric Solution', 'Chemistry Laboratory', '2023-10-06', '', '', 'Yes'),
	(61, 'CM1/CL/SOP012-01', 'Assay of Glacial Acetic Acid USP Raw Material', 'Chemistry Laboratory', '2023-10-13', '', '', 'Yes'),
	(62, 'CM1/CL/SOP013-02', 'Identification of Glacial Acid USP Raw Material', 'Chemistry Laboratory', '2023-10-13', '', '', 'Yes'),
	(63, 'CM1/CL/SOP014-02', 'Assay of Calcium Chloride Dihydrate USP Raw Material', 'Chemistry Laboratory', '2023-10-16', '', '', 'Yes'),
	(64, 'CM1/CL/SOP015-02', 'Identification of Calcium Chloride Dihydrate USP Raw Material', 'Chemistry Laboratory', '2023-10-16', '', '', 'Yes'),
	(65, 'CM1/CL/SOP016-02', 'Assay of Citric Acid Anhydrous USP Raw Material', 'Chemistry Laboratory', '2023-12-07', '', '', 'Yes'),
	(66, 'CM1/CL/SOP016-02', 'Assay of Citric Acid Anhydrous USP Raw Material', 'Chemistry Laboratory', '2023-12-07', '', '', 'Yes'),
	(67, 'CM1/CL/SOP017-01', 'Assay of Potassium Chloride USP Raw Material', 'Chemistry Laboratory', '2023-10-13', '', '', 'Yes'),
	(68, 'CM1/CL/SOP018-03', 'Identification of Potassium Chloride USP Raw Material', 'Chemistry Laboratory', '2023-10-13', '', '', 'Yes'),
	(69, 'CM1/CL/SOP019-02', 'Assay of Magnesium Chloride Hexahydrate USP Raw Material', 'Chemistry Laboratory', '2023-10-16', '', '', 'Yes'),
	(70, 'CM1/CL/SOP20-02', 'Identification of Magnesium Hexahydrate USP Raw Material', 'Chemistry Laboratory', '2023-10-16', '', '', 'Yes'),
	(71, 'CM1/CL/SOP021-02', 'Assay of Sodium Chloride USP Raw Material', 'Chemistry Laboratory', '2023-12-07', '', '', 'Yes'),
	(72, 'CM1/CL/SOP022-02', 'Identification of Sodium Chloride USP Raw Material', 'Chemistry Laboratory', '2023-12-07', '', '', 'Yes'),
	(73, 'CM1/CL/SOP023-02', 'Assay of Sodium Acetate Anhydrous USP Raw Material', 'Chemistry Laboratory', '2023-12-15', '', '', 'Yes'),
	(74, 'CM1/CL/SOP24-02', 'IR for Dextrose Raw Material', 'Chemistry Laboratory', '2021-07-09', '', '', 'Yes'),
	(75, 'CM1/CL/SOP025-02', 'IR for Citric Acid Raw Material', 'Chemistry Laboratory', '2021-07-09', '', '', 'Yes'),
	(76, 'CM1/CL/SOP026-03', 'IR for Packaging Material', 'Chemistry Laboratory', '2021-07-09', '', '', 'Yes'),
	(77, 'CM1/CL/SOP027-02', 'Identification of Sodium Acetate Anhydrous USP Raw Material', 'Chemistry Laboratory', '2023-12-15', '', '', 'Yes'),
	(78, 'CM1/CL/SOP28-02', 'Assay of Sodium Bicarbonate USP Raw Material', 'Chemistry Laboratory', '2023-11-15', '', '', 'Yes'),
	(79, 'CM1/CL/SOP029-02', 'Identification of Sodium Bicarbonate USP Raw Material', 'Chemistry Laboratory', '2023-11-15', '', '', 'Yes'),
	(80, 'CM1/CL/SOP030-02', 'Assay of Sodium Lactate 60% USP Raw Material', 'Chemistry Laboratory', '2023-12-07', '', '', 'Yes'),
	(81, 'CM1/CL/SOP031-02', 'Identification of Sodium Lactate 60% USP Raw Material', 'Chemistry Laboratory', '2023-12-07', '', '', 'Yes'),
	(82, 'CM1/CL/SOP032-02', 'Perox-E Raw Material Analytical Tests - Assay of Hydrogen Peroxide, Assay of Peracetic Acid, and Appearance', 'Chemistry Laboratory', '2023-10-19', '', '', 'Yes'),
	(83, 'CM1/CL/SOP033-02', 'Assay and Identification of Sodium Hypochlorite USP Raw Material', 'Chemistry Laboratory', '2023-10-03', '', '', 'Yes'),
	(84, 'CM1/CL/SOP034-02', 'Identification of Hydrogen Peroxide and Peracetic Acid in Perox-E Raw Material', 'Chemistry Laboratory', '2023-10-19', '', '', 'Yes'),
	(85, 'CM1/CL/SOP035-02', 'Preparation of 10N Ammonium Hydroxide TS', 'Chemistry Laboratory', '2023-10-23', '', '', 'Yes'),
	(86, 'CM1/CL/SOP036-02', 'Calibration, Instrument Verification and Preventative Maintenance for FTIR', 'Chemistry Laboratory', '2021-09-07', '', '', 'Yes'),
	(87, 'CM1/CL/SOP037-02', 'Conductivity Meter Operation and Calibration', 'Chemistry Laboratory', '2023-10-06', '', '', 'Yes'),
	(88, 'CM1/CL/SOP038-02', 'Finish Product Testing for Citric Acid 20% and Citric Acid 50%', 'Chemistry Laboratory', '2023-10-04', '', '', 'Yes'),
	(89, 'CM1/CL/SOP039-02', 'CACL74 Finished Product Stability Study Testing', 'Chemistry Laboratory', '2023-11-19', '', '', 'Yes'),
	(90, 'CM1/CL/SOP041-01', 'Aluminum Concentration in Sodium Acetate Raw Material', 'Chemistry Laboratory', '2021-09-23', '', '', 'Yes'),
	(91, 'CM1/CL/SOP042-01', 'Finished Product Testing and Stability Tsting for MGCL0515', 'Chemistry Laboratory', '2022-06-22', '', '', 'Yes'),
	(92, 'CM1/CL/SOP043-01', 'Finished Product Testing and Stability Testing for KCL75', 'Chemistry Laboratory', '2022-08-15', '', '', 'Yes'),
	(93, 'CM1/CL/SOP044-01', 'Finished Product Testing of NxStage Concentrates', 'Chemistry Laboratory', '2023-08-18', '', '', 'Yes'),
	(94, 'CM1/CL/SOP045-01', 'Sodium Bicarbonate in HemaCart - Identity Testing', 'Chemistry Laboratory', '2023-11-15', '', '', 'Yes'),
	(95, 'CM1/VQ/SOP001-01', 'Limit of Aluminum Impurity in Magnesium Chloride USP Raw Material', 'Vendor Qualification', '2023-08-11', '', '', 'Yes'),
	(96, 'CM1/VQ/SOP002-01', 'Limit of Aluminum Impurity in Calcium Chloride USP Raw Material', 'Vendor Qualification', '2023-08-11', '', '', 'Yes'),
	(97, 'CM1/VQ/SOP003-01', 'Limit of Aluminum Impurity in Potassium Chloride USP Raw Material', 'Vendor Qualification', '2023-08-11', '', '', 'Yes'),
	(98, 'CM1/VQ/SOP004-01', 'Limit of Aluminum Impurity in Citric Acid USP Raw Material', 'Vendor Qualification', '2023-08-11', '', '', 'Yes'),
	(99, 'CM1/VQ/SOP005-01', 'Limit of Aluminum Impurity in Sodium Bicarbonate USP Raw Material', 'Vendor Qualification', '2023-08-11', '', '', 'Yes'),
	(100, 'CM1/ML/SOP001-05', 'Microbial Testing on Hemodialysis Concentrate Finished Product', 'Microbiology Laboratory', '2023-10-12', '', '', 'Yes'),
	(101, 'CM1/ML/SOP002-02', 'Gel Clot LAL Endotoxin Testing', 'Microbiology Laboratory', '2024-04-01', '', '', 'Yes'),
	(102, 'CM1/ML/SOP004-03', 'Microbial Growth Promotion Test (GPT) for Agar Media', 'Microbiology Laboratory', '2024-01-15', '', '', 'Yes'),
	(103, 'CM1/ML/SOP005-02', 'Microbial Testing for Customer Water Sample', 'Microbiology Laboratory', '2024-04-01', '', '', 'Yes'),
	(104, 'CM1/ML/SOP006-01', 'Purchase, Handling, and Release or Rejection of the Microbiology Media', 'Microbiology Laboratory', '2023-09-01', '', '', 'Yes'),
	(105, 'CM1/ML/SOP040-02', 'Laboratory Milliflex Plus Pump Calibration, Maintenance and Operation', 'Microbiology Laboratory', '2024-04-01', '', '', 'Yes'),
	(106, 'CM1/QH/SOP001-02', 'Raw Material Testing and USP Testing', 'Quality Control', '2024-01-10', '', '', 'Yes'),
	(107, 'CM1/QH/SOP002-02', 'Turbidity Test for the Presence of Residue for Cleaning Validation', 'Quality Control', '2023-11-16', '', '', 'Yes'),
	(108, 'CM1/QH/SOP003-02', 'Reagent and Chemical Reception, Preparation, Storage, Usage and Stability', 'Quality Control', '2024-02-07', '', '', 'Yes'),
	(109, 'CM1/QH/SOP004-02', 'Daily USP Purified Water Monitoring', 'Quality Control', '2023-12-01', '', '', 'Yes'),
	(110, 'CM1/QH/SOP005-02', 'Collection of Water Samples', 'Quality Control', '2023-06-22', '', '', 'Yes'),
	(111, 'CM1/QH/SOP006-02', 'Operation and Calibration of Scales in CMS Calgary Facility', 'Quality Control', '2024-02-10', '', '', 'Yes'),
	(112, 'CM1/QH/SOP007-02', 'Calibration and Operation of Oakton 1100 Series pH meter', 'Quality Control', '2024-02-10', '', '', 'Yes'),
	(113, 'CM1/QH/SOP008-03', 'Sampling Procedure for Finished Product, Raw Material and Packaging Material', 'Quality Control', '2024-02-26', '', '', 'Yes'),
	(114, 'CM1/QH/SOP009-02', 'Metrology Control Program', 'Quality Control', '2022-02-16', '', '', 'Yes'),
	(115, 'CM1/QH/SOP010-05', 'Weekly USP Purified Water QC Monitoring', 'Quality Control', '2023-12-01', '', '', 'Yes'),
	(116, 'CM1/QH/SOP011-04', 'Monthly and Yearly Water QC Monitoring', 'Quality Control', '2023-11-19', '', '', 'Yes'),
	(117, 'CM1/QH/SOP012-03', 'Monthly USP Purified Water Testing', 'Quality Control', '2023-12-01', '', '', 'Yes'),
	(118, 'CM1/QH/SOP013-01', 'Trending of CMS Purified Water', 'Quality Control', '2021-07-01', '', '', 'Yes'),
	(119, 'CM1/QH/SOP14-01', 'Internal Calibration of Standard Weight', 'Quality Control', '2020-05-25', '', '', 'Yes'),
	(120, 'CM1/QH/SOP015-01', 'Preparation of Conductivity Standard', 'Quality Control', '2021-03-17', '', '', 'Yes'),
	(121, 'CM1/QH/SOP016-02', 'Operation and Calibration of EL-WIFI-T Logger in CMS Calgary Facility', 'Quality Control', '2023-12-18', '', '', 'Yes'),
	(122, 'CM1/QH/SOP017-01', 'Genesys 20 Spectrometer Calibration and Maintenance', 'Quality Control', '2021-10-29', '', '', 'Yes'),
	(123, 'CM1/QH/SOP018-02', 'Glassware Cleaning', 'Quality Control', '2023-11-24', '', '', 'Yes'),
	(124, 'CM1/QH/SOP020-01', 'Environmentally Controlled Chambers Internal Calibration', 'Quality Control', '2021-03-08', '', '', 'Yes'),
	(125, 'CM1/QH/SOP023-01', 'Scale Internal Calibratioin', 'Quality Control', '2021-03-30', '', '', 'Yes'),
	(126, 'CM1/QH/SOP024-02', 'Calibration of the P2000 Polarimeter and Preparation of Dextrose Standard Solution', 'Quality Control', '2024-02-26', '', '', 'Yes'),
	(127, 'CM1/QH/SOP025-01', 'Ion Chromatography Maintenance', 'Quality Control', '2021-08-26', '', '', 'Yes'),
	(128, 'CM1/QH/SOP026-01', 'TOC Testing Procedure for USP Purified Water', 'Quality Control', '2023-10-18', '', '', 'Yes'),
	(129, 'CM1/QH/SOP027-01', 'Laboratory Oven Temperature Monitoring', 'Quality Control', '2021-09-14', '', '', 'Yes'),
	(130, 'CM1/QH/SOP028-01', 'Monthly Performance Qualification of ELx808 Absorbance Microplate Reader', 'Quality Control', '2023-06-30', '', '', 'Yes');


INSERT INTO `topic` (`id`, `topic_name`) VALUES
	(1, 'Chemistry Laboratory'),
	(2, 'Engineering'),
	(3, 'Facility Maintenance'),
	(4, 'Human Resources'),
	(5, 'Microbiology Laboratory'),
	(6, 'Production'),
	(7, 'Quality Assurance'),
	(8, 'Quality Control'),
	(9, 'Sanitation'),
	(10, 'Vendor Qualification'),
	(11, 'Warehouse'),
	(12, 'Administration'),
	(13, 'Information Technology'),
	(14, 'Policy'),
	(15, 'Sterile');

INSERT INTO `users` (`id`, `username`, `first_name`, `last_name`, `password`) VALUES
	(1, 'admin', 'admin', 'admin', '$2a$10$cWapsIm/CULNEUZkaNfKmeBoBDUupEoncRIZMboiP52gzYBih8J6u');